<?xml version="1.0" encoding="UTF-8"?>
<project-private xmlns="http://www.netbeans.org/ns/project-private/1">
    <editor-bookmarks xmlns="http://www.netbeans.org/ns/editor-bookmarks/2" lastBookmarkId="0"/>
    <open-files xmlns="http://www.netbeans.org/ns/projectui-open-files/2">
        <group>
            <file>file:/C:/NetBeansProjects/DocumentosLegales/src/proyectofinal/utp/legal/entities/Documento.java</file>
            <file>file:/C:/NetBeansProjects/DocumentosLegales/src/proyectofinal/utp/legal/facade/DocumentUseCases.java</file>
            <file>file:/C:/NetBeansProjects/DocumentosLegales/src/proyectofinal/utp/legal/security/SecuredDocumentServiceProxy.java</file>
            <file>file:/C:/NetBeansProjects/DocumentosLegales/src/proyectofinal/utp/legal/repositories/InMemoryDocumentRepository.java</file>
            <file>file:/C:/NetBeansProjects/DocumentosLegales/src/proyectofinal/utp/legal/observer/NotificationCenter.java</file>
            <file>file:/C:/NetBeansProjects/DocumentosLegales/src/proyectofinal/utp/legal/facade/DocumentService.java</file>
            <file>file:/C:/NetBeansProjects/DocumentosLegales/src/proyectofinal/utp/legal/repositories/IDocumentRepository.java</file>
            <file>file:/C:/NetBeansProjects/DocumentosLegales/src/proyectofinal/utp/legal/state/ApprovedState.java</file>
            <file>file:/C:/NetBeansProjects/DocumentosLegales/src/proyectofinal/utp/legal/ui/DocumentosPanel.java</file>
        </group>
    </open-files>
</project-private>
